seed,sample_index,true_class,pred_class,confidence,image_path,caption,attention_rollout_file,cross_attention_token_file
13,0,mode,retro,0.09369925409555435,C:\Users\Sandy\OneDrive\桌面\255\FusionStyle\FashionStyle14_v1\dataset2\mode\transparentnosc_64_mainpage_1 copy.jpg,"The image showcases a woman walking down a runway in a black dress, her top half is barely visible, giving her a sexy and confident appearance. The dress is likely to be a part of a fashion show. The woman appears to be wearing a black jacket, giving her a stylish and polished look. The overall aesthetic of the image conveys a sense of sophistication and confidence through the model's attire.",C:\Users\Sandy\OneDrive\桌面\255\FusionStyle\results\explainability\attention_rollout_qwen\cross_attention\seed_13_first10\seed_13_sample_00_true_mode_pred_retro_rollout.png,C:\Users\Sandy\OneDrive\桌面\255\FusionStyle\results\explainability\attention_rollout_qwen\cross_attention\seed_13_first10\seed_13_sample_00_true_mode_pred_retro_cross_attention_tokens.csv
13,1,gal,retro,0.0923088863492012,C:\Users\Sandy\OneDrive\桌面\255\FusionStyle\FashionStyle14_v1\dataset2\gal\12751299_1518698775102278_635127373_n.jpg,"The image features a woman dressed in a pink, sleeveless dress, standing in a room with chairs and a dining table. She is holding a wine bottle and appears to be enjoying a relaxed moment, perhaps sipping a glass of wine. The room seems to be a part of a restaurant or bar setting, with chairs and a dining table placed around the area. The woman's outfit, combined with the overall ambiance, suggests a modern, casual, and stylish aesthetic. The pink color of the dress adds a touch of femininity and brightness to the scene. The presence of the wine bottle and the woman's relaxed posture imply a laid-back and social atmosphere.",C:\Users\Sandy\OneDrive\桌面\255\FusionStyle\results\explainability\attention_rollout_qwen\cross_attention\seed_13_first10\seed_13_sample_01_true_gal_pred_retro_rollout.png,C:\Users\Sandy\OneDrive\桌面\255\FusionStyle\results\explainability\attention_rollout_qwen\cross_attention\seed_13_first10\seed_13_sample_01_true_gal_pred_retro_cross_attention_tokens.csv
13,2,fairy,retro,0.09246732294559479,C:\Users\Sandy\OneDrive\桌面\255\FusionStyle\FashionStyle14_v1\dataset2\fairy\d300e10aa2367f43fbd37beaa7cd0908.jpg,"The image features a woman in a colorful outfit, dressed in pink and purple clothing, with a purple skirt. She is wearing a polka dot dress, and her outfit is topped off with a cardigan. The woman is posing with a small handbag in her hand. Her shoes match her outfit, adding to the bright and colorful style.

This fashionable outfit can be classified as a casual and trendy style, with the woman's attire emphasizing individuality and creativity. The colorful clothing and the polka dot dress suggest a fun and playful vibe, while the cardigan adds a touch of sophistication and warmth to the overall look.",C:\Users\Sandy\OneDrive\桌面\255\FusionStyle\results\explainability\attention_rollout_qwen\cross_attention\seed_13_first10\seed_13_sample_02_true_fairy_pred_retro_rollout.png,C:\Users\Sandy\OneDrive\桌面\255\FusionStyle\results\explainability\attention_rollout_qwen\cross_attention\seed_13_first10\seed_13_sample_02_true_fairy_pred_retro_cross_attention_tokens.csv
13,3,street,retro,0.08959539979696274,C:\Users\Sandy\OneDrive\桌面\255\FusionStyle\FashionStyle14_v1\dataset2\street\03ac59ccc2cbcc0a0e6ed90a9ec768e0.jpg,"The image features a young, happy woman wearing a black, white, and red checkered hat. She is also wearing a white shirt, red sleeves, and a gold bracelet. She is standing next to a fence, which adds a sense of depth to the scene.

The style of the woman's clothing can be classified as casual and hipster-inspired. The combination of black and white and the red checkered hat creates a unique and playful aesthetic. The gold bracelet adds a touch of elegance and sophistication to the overall look.",C:\Users\Sandy\OneDrive\桌面\255\FusionStyle\results\explainability\attention_rollout_qwen\cross_attention\seed_13_first10\seed_13_sample_03_true_street_pred_retro_rollout.png,C:\Users\Sandy\OneDrive\桌面\255\FusionStyle\results\explainability\attention_rollout_qwen\cross_attention\seed_13_first10\seed_13_sample_03_true_street_pred_retro_cross_attention_tokens.csv
13,4,rock,lolita,0.10447261482477188,C:\Users\Sandy\OneDrive\桌面\255\FusionStyle\FashionStyle14_v1\dataset2\rock\12.jpg,"The image captures a young woman dressed in a unique and stylish outfit, wearing black leopard-print pants and a black and white coat. She is also carrying a handbag and wearing a black shirt. The woman's overall appearance evokes a sense of confidence and boldness.

The scene appears to be set in a parking lot with multiple vehicles, including cars and a truck. The cars can be seen in various positions, and a stop sign is also present in the area. The combination of the young woman's outfit and the urban setting creates a modern and fashionable vibe.",C:\Users\Sandy\OneDrive\桌面\255\FusionStyle\results\explainability\attention_rollout_qwen\cross_attention\seed_13_first10\seed_13_sample_04_true_rock_pred_lolita_rollout.png,C:\Users\Sandy\OneDrive\桌面\255\FusionStyle\results\explainability\attention_rollout_qwen\cross_attention\seed_13_first10\seed_13_sample_04_true_rock_pred_lolita_cross_attention_tokens.csv
13,5,mode,lolita,0.10163850337266922,C:\Users\Sandy\OneDrive\桌面\255\FusionStyle\FashionStyle14_v1\dataset2\mode\tumblr_n4pa41X8yO1tp53kto1_500.jpg,"In the image, a woman is standing in the street, dressed in a long black dress. She is holding a purse to her side, and her outfit also includes a brown handbag. There are several people in the background, some of whom are closer to the woman, while others are further away.

A car can be seen on the street, parked in the background behind the woman. The outdoor scene suggests a casual yet stylish atmosphere. The woman's attire, combined with her handbag and the presence of other people in the background, indicates a blend of fashion and everyday life.",C:\Users\Sandy\OneDrive\桌面\255\FusionStyle\results\explainability\attention_rollout_qwen\cross_attention\seed_13_first10\seed_13_sample_05_true_mode_pred_lolita_rollout.png,C:\Users\Sandy\OneDrive\桌面\255\FusionStyle\results\explainability\attention_rollout_qwen\cross_attention\seed_13_first10\seed_13_sample_05_true_mode_pred_lolita_cross_attention_tokens.csv
13,6,rock,dressy,0.08966084569692612,C:\Users\Sandy\OneDrive\桌面\255\FusionStyle\FashionStyle14_v1\dataset2\rock\lj11.jpg,"The image features a woman wearing a leather jacket, sunglasses, a white blouse, and black pants. She is standing on a street or sidewalk, posing for the camera. The woman's outfit has a strong and bold style, with the black pants adding contrast to the white blouse. The leather jacket adds a touch of edginess to her overall look. The sunglasses and the white blouse suggest a sense of individuality and confidence in her fashion choices.",C:\Users\Sandy\OneDrive\桌面\255\FusionStyle\results\explainability\attention_rollout_qwen\cross_attention\seed_13_first10\seed_13_sample_06_true_rock_pred_dressy_rollout.png,C:\Users\Sandy\OneDrive\桌面\255\FusionStyle\results\explainability\attention_rollout_qwen\cross_attention\seed_13_first10\seed_13_sample_06_true_rock_pred_dressy_cross_attention_tokens.csv
13,7,retro,retro,0.10153254866600037,C:\Users\Sandy\OneDrive\桌面\255\FusionStyle\FashionStyle14_v1\dataset2\retro\compressed_94c17a0d-3968-48df-8063-7dec80f485f8.jpg,"The image features a woman in a dress, sitting on a concrete bench under a tree. The dress is checkered, giving the outfit a classic and casual style. She is holding a bucket in her hand, which suggests a playful or artistic element to her attire. The woman appears to be enjoying the outdoors, and her overall aesthetic can be described as vintage and laid-back. Her pose on the bench adds to the overall charming and whimsical atmosphere of the scene.",C:\Users\Sandy\OneDrive\桌面\255\FusionStyle\results\explainability\attention_rollout_qwen\cross_attention\seed_13_first10\seed_13_sample_07_true_retro_pred_retro_rollout.png,C:\Users\Sandy\OneDrive\桌面\255\FusionStyle\results\explainability\attention_rollout_qwen\cross_attention\seed_13_first10\seed_13_sample_07_true_retro_pred_retro_cross_attention_tokens.csv
13,8,dressy,retro,0.09041181951761246,C:\Users\Sandy\OneDrive\桌面\255\FusionStyle\FashionStyle14_v1\dataset2\dressy\30282.jpg,"The image features a woman wearing a blue flowing dress with a black bow. The dress is long, reaching down to the lower part of her legs. She is standing in front of a backdrop, which adds to the overall aesthetic of the photo. The color palette of the outfit is predominantly blue, with the black bow adding a contrasting element. The style of the outfit can be described as a fusion of traditional and modern elements, with the blue flowing dress evoking a sense of elegance and the black bow adding a touch of sophistication. The overall aesthetic of the photo is elegant and stylish, showcasing the beauty of the woman dressed in this fashionable attire.",C:\Users\Sandy\OneDrive\桌面\255\FusionStyle\results\explainability\attention_rollout_qwen\cross_attention\seed_13_first10\seed_13_sample_08_true_dressy_pred_retro_rollout.png,C:\Users\Sandy\OneDrive\桌面\255\FusionStyle\results\explainability\attention_rollout_qwen\cross_attention\seed_13_first10\seed_13_sample_08_true_dressy_pred_retro_cross_attention_tokens.csv
13,9,kireime-casual,retro,0.0946381539106369,C:\Users\Sandy\OneDrive\桌面\255\FusionStyle\FashionStyle14_v1\dataset2\kireime-casual\1604_05_front_02.jpg,"The image features a woman dressed in a blue shirt, jeans, and white purse. She is wearing glasses and posing for the photo. The woman's outfit appears to be casual and comfortable, with the blue shirt, jeans, and purse complementing each other. The glasses add a touch of personality to her overall look. The image has a simple and minimalist style, with the focus being on the woman's clothing and her pose.",C:\Users\Sandy\OneDrive\桌面\255\FusionStyle\results\explainability\attention_rollout_qwen\cross_attention\seed_13_first10\seed_13_sample_09_true_kireime-casual_pred_retro_rollout.png,C:\Users\Sandy\OneDrive\桌面\255\FusionStyle\results\explainability\attention_rollout_qwen\cross_attention\seed_13_first10\seed_13_sample_09_true_kireime-casual_pred_retro_cross_attention_tokens.csv
13,10,dressy,conservative,0.09866338223218918,C:\Users\Sandy\OneDrive\桌面\255\FusionStyle\FashionStyle14_v1\dataset2\dressy\114042969_o3.jpg,"The image features a beautiful woman wearing a red dress with a thigh-high slit, standing in a large, well-lit room. She is posing confidently and elegantly for the camera, showcasing her outfit's stylish design. The red dress, combined with the sunlit setting, gives the overall aesthetic a warm and vibrant feel. The woman's posture and the room's ambiance contribute to the contemporary and sophisticated style.",C:\Users\Sandy\OneDrive\桌面\255\FusionStyle\results\explainability\attention_rollout_qwen\cross_attention\seed_13_first10\seed_13_sample_10_true_dressy_pred_conservative_rollout.png,C:\Users\Sandy\OneDrive\桌面\255\FusionStyle\results\explainability\attention_rollout_qwen\cross_attention\seed_13_first10\seed_13_sample_10_true_dressy_pred_conservative_cross_attention_tokens.csv
13,11,mode,retro,0.09837483614683151,C:\Users\Sandy\OneDrive\桌面\255\FusionStyle\FashionStyle14_v1\dataset2\mode\72ff019ed351836b98fc68e997b4861b.jpg,"The image depicts a woman dressed in a combination of modern and classic styles. She is wearing black leather pants, which give her a bold and edgy look. Her white shirt adds a touch of simplicity to her overall appearance. On her feet, she is wearing black boots, which complement her outfit.

As for her accessories, she is carrying a handbag, which is a common fashion accessory to complete her look. Additionally, she is wearing a pair of sunglasses, possibly to protect her eyes from the sun or to add a touch of glamour to her look. The combination of leather, white, black, and sunglasses creates a stylish and confident appearance.",C:\Users\Sandy\OneDrive\桌面\255\FusionStyle\results\explainability\attention_rollout_qwen\cross_attention\seed_13_first10\seed_13_sample_11_true_mode_pred_retro_rollout.png,C:\Users\Sandy\OneDrive\桌面\255\FusionStyle\results\explainability\attention_rollout_qwen\cross_attention\seed_13_first10\seed_13_sample_11_true_mode_pred_retro_cross_attention_tokens.csv
13,12,natural,retro,0.09013254195451736,C:\Users\Sandy\OneDrive\桌面\255\FusionStyle\FashionStyle14_v1\dataset2\natural\91W8ATG0hvL.jpg,"The woman in the image is wearing a long-sleeve outfit, which includes a black and white sweater and a blue jean skirt. She has a happy expression and is standing in front of a backdrop or a wall. The overall aesthetic is casual yet stylish, with the black and white sweater providing a more elegant touch to the outfit. The blue jean skirt suggests a laid-back, comfortable feel. The woman is wearing blue shoes, which add a pop of color to the otherwise predominantly black and white outfit. The combination of these elements creates a visually appealing and fashionable look.",C:\Users\Sandy\OneDrive\桌面\255\FusionStyle\results\explainability\attention_rollout_qwen\cross_attention\seed_13_first10\seed_13_sample_12_true_natural_pred_retro_rollout.png,C:\Users\Sandy\OneDrive\桌面\255\FusionStyle\results\explainability\attention_rollout_qwen\cross_attention\seed_13_first10\seed_13_sample_12_true_natural_pred_retro_cross_attention_tokens.csv
13,13,girlish,retro,0.09210624545812607,C:\Users\Sandy\OneDrive\桌面\255\FusionStyle\FashionStyle14_v1\dataset2\girlish\824c275f-907c-4043-b531-423df4a6135b.jpg,"In this fashion image, a woman is wearing a jacket and a dress that features a plaid pattern. She is standing against a wall and posing for the picture. The woman's attire, which includes a scarf, a jacket, and a dress, contributes to the stylish and chic aesthetic of the scene. The choice of clothing items and colors in the outfit further accentuate the woman's elegant appearance.

The clothing items in the image help classify the style category as a mix of sophisticated and casual, with the jacket adding a touch of formality and the dress showcasing a more feminine and flirty aspect. The plaid pattern on the dress adds an interesting and unique detail to her outfit, further emphasizing her personal style. Overall, the image is a captivating representation of contemporary fashion, showcasing the woman's unique sense of style and her way of combining different clothing items to create a visually appealing ensemble.",C:\Users\Sandy\OneDrive\桌面\255\FusionStyle\results\explainability\attention_rollout_qwen\cross_attention\seed_13_first10\seed_13_sample_13_true_girlish_pred_retro_rollout.png,C:\Users\Sandy\OneDrive\桌面\255\FusionStyle\results\explainability\attention_rollout_qwen\cross_attention\seed_13_first10\seed_13_sample_13_true_girlish_pred_retro_cross_attention_tokens.csv
13,14,dressy,retro,0.09766180068254471,C:\Users\Sandy\OneDrive\桌面\255\FusionStyle\FashionStyle14_v1\dataset2\dressy\86926332_o1.jpg,"The image features a woman in a dress, standing in front of a white background. She is wearing a pink dress, which is a prominent and eye-catching color. She is also holding a white bouquet, adding a touch of elegance and sophistication to the scene. The combination of her outfit, the white background, and the flowers creates a clean, minimalist, and classic aesthetic. This style is best described as vintage, elegant, and sophisticated.",C:\Users\Sandy\OneDrive\桌面\255\FusionStyle\results\explainability\attention_rollout_qwen\cross_attention\seed_13_first10\seed_13_sample_14_true_dressy_pred_retro_rollout.png,C:\Users\Sandy\OneDrive\桌面\255\FusionStyle\results\explainability\attention_rollout_qwen\cross_attention\seed_13_first10\seed_13_sample_14_true_dressy_pred_retro_cross_attention_tokens.csv
13,15,ethnic,retro,0.09348294138908386,C:\Users\Sandy\OneDrive\桌面\255\FusionStyle\FashionStyle14_v1\dataset2\ethnic\35e3a4dc3d25d14da61b47e493808e9f.jpg,"In the image, a model wearing a dress and boots is walking on a runway, showcasing her outfit to the audience. The dress appears to be a flowing, multi-colored ensemble with a distinct floral pattern. The boots she is wearing are likely knee-high, adding height and sophistication to her overall look. The model's presence and posture contribute to the fashionable and elegant atmosphere of the scene. This combination of clothing items and accessories highlights the contemporary and stylish nature of her attire.",C:\Users\Sandy\OneDrive\桌面\255\FusionStyle\results\explainability\attention_rollout_qwen\cross_attention\seed_13_first10\seed_13_sample_15_true_ethnic_pred_retro_rollout.png,C:\Users\Sandy\OneDrive\桌面\255\FusionStyle\results\explainability\attention_rollout_qwen\cross_attention\seed_13_first10\seed_13_sample_15_true_ethnic_pred_retro_cross_attention_tokens.csv
13,16,rock,retro,0.09783550351858139,C:\Users\Sandy\OneDrive\桌面\255\FusionStyle\FashionStyle14_v1\dataset2\rock\cd40579aa1a9349322c3592b0299deef.jpg,"In the image, there is a woman dressed in leather outfit, standing on a tree-lined path surrounded by autumnal leaves. The woman appears to be wearing a black leather jacket, as well as leather pants. She is also wearing a black shirt to complete her look. Her style is a mix of urban and vintage, with a focus on the leather theme. The overall aesthetic of the image conveys a sense of confidence and individuality, as the woman embraces her unique fashion choices.",C:\Users\Sandy\OneDrive\桌面\255\FusionStyle\results\explainability\attention_rollout_qwen\cross_attention\seed_13_first10\seed_13_sample_16_true_rock_pred_retro_rollout.png,C:\Users\Sandy\OneDrive\桌面\255\FusionStyle\results\explainability\attention_rollout_qwen\cross_attention\seed_13_first10\seed_13_sample_16_true_rock_pred_retro_cross_attention_tokens.csv
13,17,lolita,retro,0.09078507870435715,C:\Users\Sandy\OneDrive\桌面\255\FusionStyle\FashionStyle14_v1\dataset2\lolita\bf6aa6e0-a8aa-41b1-a9db-c67fe2e27e80.jpg,"In the image, a beautiful young woman wearing a pink dress is standing outdoors in front of a bamboo forest. Her dress is elegant and features a ruffle, adding an extra touch of style. The dress itself is pastel pink, enhancing the overall aesthetic.

The scene seems to be set in an Asian-inspired backdrop, with the bamboo trees in the background. The woman's attire, combined with the natural environment, suggests an Asian-inspired look. It could be considered a fusion of traditional and modern fashion.",C:\Users\Sandy\OneDrive\桌面\255\FusionStyle\results\explainability\attention_rollout_qwen\cross_attention\seed_13_first10\seed_13_sample_17_true_lolita_pred_retro_rollout.png,C:\Users\Sandy\OneDrive\桌面\255\FusionStyle\results\explainability\attention_rollout_qwen\cross_attention\seed_13_first10\seed_13_sample_17_true_lolita_pred_retro_cross_attention_tokens.csv
13,18,retro,retro,0.09004590660333633,C:\Users\Sandy\OneDrive\桌面\255\FusionStyle\FashionStyle14_v1\dataset2\retro\2d7ae77ff821acb264e5cc7ec6752a1a.jpg,"The image features a woman dressed in a retro-style, sitting on a couch and wearing a red hat. She is posing elegantly with a pink polka-dotted dress and a white glove. The couch she is sitting on has a beige color.

The style of this image can be described as classic or vintage, with elements of retro fashion. The woman's attire, including her hat, glove, and polka-dotted dress, all contribute to the overall aesthetic of the scene. The color palette, with its focus on red and pink, adds to the nostalgic and stylish atmosphere.",C:\Users\Sandy\OneDrive\桌面\255\FusionStyle\results\explainability\attention_rollout_qwen\cross_attention\seed_13_first10\seed_13_sample_18_true_retro_pred_retro_rollout.png,C:\Users\Sandy\OneDrive\桌面\255\FusionStyle\results\explainability\attention_rollout_qwen\cross_attention\seed_13_first10\seed_13_sample_18_true_retro_pred_retro_cross_attention_tokens.csv
13,19,natural,mode,0.08814935386180878,C:\Users\Sandy\OneDrive\桌面\255\FusionStyle\FashionStyle14_v1\dataset2\natural\e4061-11.jpg,"In the image, a woman wearing glasses is posing for a photo. She is standing against a white wall and appears to be wearing a white shirt. The white shirt is paired with a gray skirt, and she is wearing a pair of black shoes. Additionally, there is a tie visible in the scene, suggesting a touch of formality or a more polished style. The overall aesthetic of the woman's outfit is modern and minimalistic, with a mix of neutral and darker colors. The white shirt and gray skirt create a clean and sophisticated look, while the black shoes and tie add an element of formality and refinement to the ensemble.",C:\Users\Sandy\OneDrive\桌面\255\FusionStyle\results\explainability\attention_rollout_qwen\cross_attention\seed_13_first10\seed_13_sample_19_true_natural_pred_mode_rollout.png,C:\Users\Sandy\OneDrive\桌面\255\FusionStyle\results\explainability\attention_rollout_qwen\cross_attention\seed_13_first10\seed_13_sample_19_true_natural_pred_mode_cross_attention_tokens.csv
